Apartment Address,Amenities,Amenity type,Rent price,Bedrooms,Bathrooms,empty,Clothing Store,College Gym,College Rec Center,Convenience Store,Department Store,Discount Store,Furniture / Home Store,General Travel,Gym,Gym / Fitness Center,Hardware Store,Hospital,Miscellaneous Shop,Paper / Office Supplies Store,Smoke Shop,Thrift / Vintage Store,Tourist Information Center,Veterinarian,date,Unnamed: 26,Grocery Store,Nudist Beach,Unnamed: 29,Electronics Store,IT Services,Mobile Phone Shop,Supermarket,Unnamed: 34,Unnamed: 35,Candy Store,None,
"Priestman Street, Rabbit Town, Uptown, Fredericton, York County, New Brunswick, E3B 3H2, Canada","[""Dick's Grocery Store"", 'Great Canadian Dollar Store', 'kadam shoe store', 'Everything For A Dollar Store', 'Fredericton Animal Hospital', 'kadam shoe store', 'Everything For A Dollar Store', 'Great Canadian Dollar Store', ""Dick's Grocery Store""]","['Smoke Shop', 'Discount Store', 'Department Store', 'Miscellaneous Shop', 'Veterinarian', 'Department Store', 'Miscellaneous Shop', 'Discount Store', 'Smoke Shop']",450.0,0,1,0.0,0,0.0,0.0,0.0,0.0,2,2,0,0.0,0.0,0.0,2.0,0.0,0.0,0.0,2.0,0,1,2020-10-25,,,,,,,,,,,,,
"George Street, Carleton, Downtown, Fredericton, York County, New Brunswick, E3B 3L7, Canada","['Urban Almanac', 'UPS Store', 'The UPS Store', 'Kwik-Way Convenience Store', 'The Travel Store', 'Harvest Jazz And Blues Store', 'Militia Arms Store', 'Crowne Plaza Fredericton-Lord Beaverbrook Pool & Gym', 'Southpaw Animal Hospital', 'Candy land', 'Urban Almanac', 'UPS Store', 'The UPS Store', 'Kwik-Way Convenience Store', 'The Travel Store', 'Harvest Jazz And Blues Store', 'Militia Arms Store']","['Furniture / Home Store', 'Paper / Office Supplies Store', 'Miscellaneous Shop', 'Convenience Store', 'General Travel', 'Clothing Store', 'Tourist Information Center', 'Gym / Fitness Center', 'Veterinarian', 'Nudist Beach', 'Furniture / Home Store', 'Paper / Office Supplies Store', 'Miscellaneous Shop', 'Convenience Store', 'General Travel', 'Clothing Store', 'Tourist Information Center']",500.0,0,1,0.0,0,2.0,0.0,0.0,2.0,0,0,2,2.0,1.0,0.0,2.0,0.0,1.0,2.0,0.0,2,1,2020-10-25,,,,,,,,,,,,,
"George Street, Carleton, Downtown, Fredericton, York County, New Brunswick, E3B 3L7, Canada","['Urban Almanac', 'UPS Store', 'The UPS Store', 'Kwik-Way Convenience Store', 'The Travel Store', 'Harvest Jazz And Blues Store', 'Militia Arms Store', 'Crowne Plaza Fredericton-Lord Beaverbrook Pool & Gym', 'Southpaw Animal Hospital', 'Candy land', 'Urban Almanac', 'UPS Store', 'The UPS Store', 'Kwik-Way Convenience Store', 'The Travel Store', 'Harvest Jazz And Blues Store', 'Militia Arms Store']","['Furniture / Home Store', 'Paper / Office Supplies Store', 'Miscellaneous Shop', 'Convenience Store', 'General Travel', 'Clothing Store', 'Tourist Information Center', 'Gym / Fitness Center', 'Veterinarian', 'Nudist Beach', 'Furniture / Home Store', 'Paper / Office Supplies Store', 'Miscellaneous Shop', 'Convenience Store', 'General Travel', 'Clothing Store', 'Tourist Information Center']",550.0,0,1,0.0,0,2.0,0.0,0.0,2.0,0,0,2,2.0,1.0,0.0,2.0,0.0,1.0,2.0,0.0,2,1,2020-10-25,,,,,,,,,,,,,
"York Street, Rabbit Town, Downtown, Fredericton, York County, New Brunswick, E3B 0V4, Canada","['UPS Store', 'The UPS Store', 'Kwik-Way Convenience Store', 'Southpaw Animal Hospital', 'UPS Store', 'The UPS Store', 'Kwik-Way Convenience Store']","['Paper / Office Supplies Store', 'Miscellaneous Shop', 'Convenience Store', 'Veterinarian', 'Paper / Office Supplies Store', 'Miscellaneous Shop', 'Convenience Store']",600.0,0,1,0.0,0,0.0,0.0,0.0,2.0,0,0,0,0.0,0.0,0.0,2.0,0.0,0.0,2.0,0.0,0,1,2020-10-25,,,,,,,,,,,,,
"Saint John Street, Queen's Park, Downtown, Fredericton, York County, New Brunswick, E3C 5H1, Canada","['UPS Store', 'University Cafe & Market Convenience Store', 'The UPS Store', 'The Travel Store', 'Harvest Jazz And Blues Store', 'Crowne Plaza Fredericton-Lord Beaverbrook Pool & Gym', 'Southpaw Animal Hospital', 'Candy land', 'UPS Store', 'The UPS Store', 'University Cafe & Market Convenience Store', 'The Travel Store', 'Harvest Jazz And Blues Store']","['Paper / Office Supplies Store', 'Candy Store', 'Miscellaneous Shop', 'General Travel', 'Clothing Store', 'Gym / Fitness Center', 'Veterinarian', 'Nudist Beach', 'Paper / Office Supplies Store', 'Miscellaneous Shop', 'Candy Store', 'General Travel', 'Clothing Store']",600.0,0,1,0.0,2,2.0,0.0,0.0,0.0,0,0,0,2.0,1.0,0.0,2.0,0.0,1.0,2.0,0.0,0,1,2020-10-25,,,,,,,,,,,,,
"31, Corbett Avenue, Station Pointe, Barker's Point, Fredericton, York County, New Brunswick, E3A 6R1, Canada",[],[''],700.0,0,1,1.0,0,0.0,0.0,0.0,0.0,0,0,0,0.0,0.0,0.0,0.0,0.0,0.0,0.0,0.0,0,0,2020-10-25,,,,,,,,,,,,,
"36-38, Waterloo Row, Town Platt, Downtown, Fredericton, York County, New Brunswick, E3B 4C9, Canada","['University Cafe & Market Convenience Store', 'The Travel Store', 'Harvest Jazz And Blues Store', 'Crowne Plaza Fredericton-Lord Beaverbrook Pool & Gym', 'Candy land', 'University Cafe & Market Convenience Store', 'The Travel Store', 'Harvest Jazz And Blues Store']","['Candy Store', 'General Travel', 'Clothing Store', 'Gym / Fitness Center', 'Nudist Beach', 'Candy Store', 'General Travel', 'Clothing Store']",748.0,0,1,0.0,2,2.0,0.0,0.0,0.0,0,0,0,2.0,1.0,0.0,0.0,0.0,1.0,0.0,0.0,0,0,2020-10-25,,,,,,,,,,,,,
"706, Valleyview Street, College Hill, Skyline Acres, Fredericton, York County, New Brunswick, E3B 9W4, Canada","['Dollar Store', 'Lady Beaverbrook Gym - UNB', 'South Gym', 'New Gym -  UNB', 'Currie Center Gym -  UNB', 'Dollar Store']","['Miscellaneous Shop', 'Gym / Fitness Center', 'College Rec Center', 'College Gym', 'College Gym', 'Miscellaneous Shop']",750.0,1,1,0.0,0,0.0,2.0,1.0,0.0,0,0,0,0.0,1.0,0.0,2.0,0.0,0.0,0.0,0.0,0,0,2020-10-25,,,,,,,,,,,,,
"Valleyview Street, College Hill, Skyline Acres, Fredericton, York County, New Brunswick, E3B 9W4, Canada","['Dollar Store', 'Lady Beaverbrook Gym - UNB', 'South Gym', 'New Gym -  UNB', 'Currie Center Gym -  UNB', 'Dollar Store']","['Miscellaneous Shop', 'Gym / Fitness Center', 'College Rec Center', 'College Gym', 'College Gym', 'Miscellaneous Shop']",750.0,1,1,0.0,0,0.0,2.0,1.0,0.0,0,0,0,0.0,1.0,0.0,2.0,0.0,0.0,0.0,0.0,0,0,2020-10-25,,,,,,,,,,,,,
"Woodstock Road, Garden Creek, Fredericton, York County, New Brunswick, E3G 7J1, Canada",[],[''],775.0,1,1,1.0,0,0.0,0.0,0.0,0.0,0,0,0,0.0,0.0,0.0,0.0,0.0,0.0,0.0,0.0,0,0,2020-10-25,,,,,,,,,,,,,
"31, Waggoners Lane, Rabbit Town, Sunshine Gardens, Fredericton, York County, New Brunswick, E3B 2L4, Canada","['Kwik-Way Convenience Store', 'Kwik-Way Convenience Store']","['Convenience Store', 'Convenience Store']",780.0,2,1,0.0,0,0.0,0.0,0.0,2.0,0,0,0,0.0,0.0,0.0,0.0,0.0,0.0,0.0,0.0,0,0,2020-10-25,,,,,,,,,,,,,
"15, Waggoners Lane, Rabbit Town, Sunshine Gardens, Fredericton, York County, New Brunswick, E3B 2L4, Canada","['Kwik-Way Convenience Store', 'Kwik-Way Convenience Store']","['Convenience Store', 'Convenience Store']",780.0,2,1,0.0,0,0.0,0.0,0.0,2.0,0,0,0,0.0,0.0,0.0,0.0,0.0,0.0,0.0,0.0,0,0,2020-10-25,,,,,,,,,,,,,
"19, Forest Hill Road, Town Platt, Forest Hills, Fredericton, York County, New Brunswick, E3B 5A3, Canada","['Lady Beaverbrook Gym - UNB', 'South Gym', 'New Gym -  UNB', 'Currie Center Gym -  UNB']","['Gym / Fitness Center', 'College Rec Center', 'College Gym', 'College Gym']",800.0,2,1,0.0,0,0.0,2.0,1.0,0.0,0,0,0,0.0,1.0,0.0,0.0,0.0,0.0,0.0,0.0,0,0,2020-10-25,,,,,,,,,,,,,
"Priestman Street, Rabbit Town, Uptown, Fredericton, York County, New Brunswick, E3B 3H2, Canada","[""Dick's Grocery Store"", 'Great Canadian Dollar Store', 'kadam shoe store', 'Everything For A Dollar Store', 'Fredericton Animal Hospital', 'kadam shoe store', 'Everything For A Dollar Store', 'Great Canadian Dollar Store', ""Dick's Grocery Store""]","['Smoke Shop', 'Discount Store', 'Department Store', 'Miscellaneous Shop', 'Veterinarian', 'Department Store', 'Miscellaneous Shop', 'Discount Store', 'Smoke Shop']",800.0,1,1,0.0,0,0.0,0.0,0.0,0.0,2,2,0,0.0,0.0,0.0,2.0,0.0,0.0,0.0,2.0,0,1,2020-10-25,,,,,,,,,,,,,
"358, Westmorland Street, Rabbit Town, Downtown, Fredericton, York County, New Brunswick, E3B 3L7, Canada","['Urban Almanac', 'UPS Store', 'The UPS Store', 'Kwik-Way Convenience Store', 'Southpaw Animal Hospital', 'Urban Almanac', 'UPS Store', 'The UPS Store', 'Kwik-Way Convenience Store']","['Furniture / Home Store', 'Paper / Office Supplies Store', 'Miscellaneous Shop', 'Convenience Store', 'Veterinarian', 'Furniture / Home Store', 'Paper / Office Supplies Store', 'Miscellaneous Shop', 'Convenience Store']",820.0,2,1,0.0,0,0.0,0.0,0.0,2.0,0,0,2,0.0,0.0,0.0,2.0,0.0,0.0,2.0,0.0,0,1,2020-10-25,,,,,,,,,,,,,
"202, Parkside Drive, Rabbit Town, Uptown, Fredericton, York County, New Brunswick, E3B 2T7, Canada","[""Dick's Grocery Store"", 'kadam shoe store', 'Everything For A Dollar Store', 'Fredericton Animal Hospital', 'kadam shoe store', 'Everything For A Dollar Store', ""Dick's Grocery Store""]","['Smoke Shop', 'Department Store', 'Miscellaneous Shop', 'Veterinarian', 'Department Store', 'Miscellaneous Shop', 'Smoke Shop']",825.0,2,1,0.0,0,0.0,0.0,0.0,0.0,2,0,0,0.0,0.0,0.0,2.0,0.0,0.0,0.0,2.0,0,1,2020-10-25,,,,,,,,,,,,,
"Greenfields Drive, Uptown, Fredericton, York County, New Brunswick, E3B 2T7, Canada","['kadam shoe store', 'Fredericton Animal Hospital', 'kadam shoe store']","['Department Store', 'Veterinarian', 'Department Store']",825.0,1,1,0.0,0,0.0,0.0,0.0,0.0,2,0,0,0.0,0.0,0.0,0.0,0.0,0.0,0.0,0.0,0,1,2020-10-25,,,,,,,,,,,,,
"King Street, Victoria Circle, Downtown, Fredericton, York County, New Brunswick, E3B 1G5, Canada","['Urban Almanac', 'Urban Almanac']","['Furniture / Home Store', 'Furniture / Home Store']",850.0,2,1,0.0,0,0.0,0.0,0.0,0.0,0,0,2,0.0,0.0,0.0,0.0,0.0,0.0,0.0,0.0,0,0,2020-10-25,,,,,,,,,,,,,
"574, Forest Hill Road, Dunn's Crossing, Forest Hills, Fredericton, York County, New Brunswick, E3B 4K9, Canada","[""Raymonde's General Store"", ""Raymonde's General Store""]","['None', 'None']",850.0,2,1,0.0,0,0.0,0.0,0.0,0.0,0,0,0,0.0,0.0,0.0,0.0,2.0,0.0,0.0,0.0,0,0,2020-10-25,,,,,,,,,,,,,
"Risteen""s Landing, 151, Queen Street, Victoria Circle, Downtown, Fredericton, York County, New Brunswick, Canada","['Urban Almanac', 'Militia Arms Store', 'Urban Almanac', 'Militia Arms Store']","['Furniture / Home Store', 'Tourist Information Center', 'Furniture / Home Store', 'Tourist Information Center']",859.0,2,1,0.0,0,0.0,0.0,0.0,0.0,0,0,2,0.0,0.0,0.0,0.0,0.0,0.0,0.0,0.0,2,0,2020-10-25,,,,,,,,,,,,,
"677, Windsor Street, College Hill, Downtown, Fredericton, York County, New Brunswick, E3B 5H5, Canada","['UPS Store', 'The UPS Store', 'Lady Beaverbrook Gym - UNB', 'South Gym', 'New Gym -  UNB', 'Currie Center Gym -  UNB', 'UPS Store', 'The UPS Store']","['Paper / Office Supplies Store', 'Miscellaneous Shop', 'Gym / Fitness Center', 'College Rec Center', 'College Gym', 'College Gym', 'Paper / Office Supplies Store', 'Miscellaneous Shop']",875.0,2,1,0.0,0,0.0,2.0,1.0,0.0,0,0,0,0.0,1.0,0.0,2.0,0.0,0.0,2.0,0.0,0,0,2020-10-25,,,,,,,,,,,,,
"202, Parkside Drive, Rabbit Town, Uptown, Fredericton, York County, New Brunswick, E3B 2T7, Canada","[""Dick's Grocery Store"", 'kadam shoe store', 'Everything For A Dollar Store', 'Fredericton Animal Hospital', 'kadam shoe store', 'Everything For A Dollar Store', ""Dick's Grocery Store""]","['Smoke Shop', 'Department Store', 'Miscellaneous Shop', 'Veterinarian', 'Department Store', 'Miscellaneous Shop', 'Smoke Shop']",900.0,2,1,0.0,0,0.0,0.0,0.0,0.0,2,0,0,0.0,0.0,0.0,2.0,0.0,0.0,0.0,2.0,0,1,2020-10-25,,,,,,,,,,,,,
"574, Forest Hill Road, Dunn's Crossing, Forest Hills, Fredericton, York County, New Brunswick, E3B 4K9, Canada","[""Raymonde's General Store"", ""Raymonde's General Store""]","['None', 'None']",900.0,1,1,0.0,0,0.0,0.0,0.0,0.0,0,0,0,0.0,0.0,0.0,0.0,2.0,0.0,0.0,0.0,0,0,2020-10-25,,,,,,,,,,,,,
"Fredericton, York County, New Brunswick, Canada","['Urban Almanac', 'The Travel Store', 'Militia Arms Store', 'Urban Almanac', 'The Travel Store', 'Militia Arms Store']","['Furniture / Home Store', 'General Travel', 'Tourist Information Center', 'Furniture / Home Store', 'General Travel', 'Tourist Information Center']",900.0,2,1,0.0,0,0.0,0.0,0.0,0.0,0,0,2,2.0,0.0,0.0,0.0,0.0,0.0,0.0,0.0,2,0,2020-10-25,,,,,,,,,,,,,
"120, Dunns Crossing Road, Dunn's Crossing, Forest Hills, Fredericton, York County, New Brunswick, E3B 4K9, Canada",[],[''],920.0,2,1,1.0,0,0.0,0.0,0.0,0.0,0,0,0,0.0,0.0,0.0,0.0,0.0,0.0,0.0,0.0,0,0,2020-10-25,,,,,,,,,,,,,
"Gilbert Street, NB Power, Youngs Crossing, Fredericton, York County, New Brunswick, E3A 4A1, Canada",[],[''],950.0,2,1,1.0,0,0.0,0.0,0.0,0.0,0,0,0,0.0,0.0,0.0,0.0,0.0,0.0,0.0,0.0,0,0,2020-10-25,,,,,,,,,,,,,
"19, Forest Hill Road, Town Platt, Forest Hills, Fredericton, York County, New Brunswick, E3B 5A3, Canada","['Lady Beaverbrook Gym - UNB', 'South Gym', 'New Gym -  UNB', 'Currie Center Gym -  UNB']","['Gym / Fitness Center', 'College Rec Center', 'College Gym', 'College Gym']",975.0,1,1,0.0,0,0.0,2.0,1.0,0.0,0,0,0,0.0,1.0,0.0,0.0,0.0,0.0,0.0,0.0,0,0,2020-10-25,,,,,,,,,,,,,
"Woodstock Road, Garden Creek, Fredericton, York County, New Brunswick, E3G 7J1, Canada",[],[''],995.0,1,1,1.0,0,0.0,0.0,0.0,0.0,0,0,0,0.0,0.0,0.0,0.0,0.0,0.0,0.0,0.0,0,0,2020-10-25,,,,,,,,,,,,,
"700, Forest Hill Road, Dunn's Crossing, Forest Hills, Fredericton, York County, New Brunswick, E3B 4K9, Canada",[],[''],995.0,1,1,1.0,0,0.0,0.0,0.0,0.0,0,0,0,0.0,0.0,0.0,0.0,0.0,0.0,0.0,0.0,0,0,2020-10-25,,,,,,,,,,,,,
"611, Graham Avenue, College Hill, Downtown, Fredericton, York County, New Brunswick, E3B 0V4, Canada","['UPS Store', 'The UPS Store', 'Lady Beaverbrook Gym - UNB', 'New Gym -  UNB', 'Currie Center Gym -  UNB', 'Candy land', 'UPS Store', 'The UPS Store']","['Paper / Office Supplies Store', 'Miscellaneous Shop', 'Gym / Fitness Center', 'College Gym', 'College Gym', 'Nudist Beach', 'Paper / Office Supplies Store', 'Miscellaneous Shop']",1000.0,1,1,0.0,0,0.0,2.0,0.0,0.0,0,0,0,0.0,1.0,0.0,2.0,0.0,1.0,2.0,0.0,0,0,2020-10-25,,,,,,,,,,,,,
"335, Douglas Avenue, North Devon, West Hills, Fredericton, York County, New Brunswick, E3G 8V1, Canada","['Coop Country Store', 'Coop Country Store']","['Furniture / Home Store', 'Furniture / Home Store']",1025.0,1,1,0.0,0,0.0,0.0,0.0,0.0,0,0,2,0.0,0.0,0.0,0.0,0.0,0.0,0.0,0.0,0,0,2020-10-25,,,,,,,,,,,,,
"969, Regent Street, College Hill, Uptown, Fredericton, York County, New Brunswick, E3B 5W7, Canada","[""Dick's Grocery Store"", 'Dollar Store', 'Everything For A Dollar Store', 'Dr Everett Chalmers Regional Hospital', 'Dollar Store', 'Everything For A Dollar Store', ""Dick's Grocery Store""]","['Smoke Shop', 'Miscellaneous Shop', 'Miscellaneous Shop', 'Hospital', 'Miscellaneous Shop', 'Miscellaneous Shop', 'Smoke Shop']",1025.0,2,1,0.0,0,0.0,0.0,0.0,0.0,0,0,0,0.0,0.0,1.0,4.0,0.0,0.0,0.0,2.0,0,0,2020-10-25,,,,,,,,,,,,,
"Risteen""s Landing, 151, Queen Street, Victoria Circle, Downtown, Fredericton, York County, New Brunswick, Canada","['Urban Almanac', 'Militia Arms Store', 'Urban Almanac', 'Militia Arms Store']","['Furniture / Home Store', 'Tourist Information Center', 'Furniture / Home Store', 'Tourist Information Center']",1099.0,1,1,0.0,0,0.0,0.0,0.0,0.0,0,0,2,0.0,0.0,0.0,0.0,0.0,0.0,0.0,0.0,2,0,2020-10-25,,,,,,,,,,,,,
"Greenfields Drive, Uptown, Fredericton, York County, New Brunswick, E3B 2T7, Canada","['kadam shoe store', 'Fredericton Animal Hospital', 'kadam shoe store']","['Department Store', 'Veterinarian', 'Department Store']",1100.0,2,1,0.0,0,0.0,0.0,0.0,0.0,2,0,0,0.0,0.0,0.0,0.0,0.0,0.0,0.0,0.0,0,1,2020-10-25,,,,,,,,,,,,,
"260, Wetmore Road, Dunn's Crossing, Southwood Park, Fredericton, York County, New Brunswick, E3B 5H1, Canada",[],[''],580.0,0,1,0.0,0,0.0,0.0,0.0,0.0,0,0,0,0.0,0.0,0.0,0.0,0.0,0.0,0.0,1.0,0,0,2020-10-25,,,,,,,,,,,,,
"Fredericton, York County, New Brunswick, Canada","['The Travel Store', 'Urban Almanac', 'Militia Arms Store', 'The Travel Store', 'Urban Almanac', 'Militia Arms Store']","['General Travel', 'Furniture / Home Store', 'Tourist Information Center', 'General Travel', 'Furniture / Home Store', 'Tourist Information Center']",650.0,1,1,0.0,0,0.0,0.0,0.0,0.0,2,2,0,0.0,0.0,0.0,0.0,0.0,2.0,0.0,0.0,0,0,2020-10-25,,,,,,,,,,,,,
"980, Woodstock Road, Colonial Heights, Fredericton, York County, New Brunswick, E3B 5Z1, Canada",[],[''],650.0,0,1,0.0,0,0.0,0.0,0.0,0.0,0,0,0,0.0,0.0,0.0,0.0,0.0,0.0,0.0,1.0,0,0,2020-10-25,,,,,,,,,,,,,
"82, Waggoners Lane, Rabbit Town, Sunshine Gardens, Fredericton, York County, New Brunswick, E3B 3E6, Canada","['Kwik-Way Convenience Store', 'Southpaw Animal Hospital', 'Kwik-Way Convenience Store']","['Convenience Store', 'Veterinarian', 'Convenience Store']",650.0,1,1,0.0,0,0.0,2.0,0.0,0.0,0,0,0,0.0,0.0,0.0,0.0,0.0,0.0,1.0,0.0,0,0,2020-10-25,,,,,,,,,,,,,
"81, Foley Court, Willingdon, Colonial Heights, Fredericton, York County, New Brunswick, E3B 9R6, Canada",[],[''],695.0,0,1,0.0,0,0.0,0.0,0.0,0.0,0,0,0,0.0,0.0,0.0,0.0,0.0,0.0,0.0,1.0,0,0,2020-10-25,,,,,,,,,,,,,
"71, Angelview Court, Morning Gate, Fredericton, York County, New Brunswick, E3B 5Z1, Canada",[],[''],695.0,1,1,0.0,0,0.0,0.0,0.0,0.0,0,0,0,0.0,0.0,0.0,0.0,0.0,0.0,0.0,1.0,0,0,2020-10-25,,,,,,,,,,,,,
"175-183, Aberdeen Street, Rabbit Town, Downtown, Fredericton, York County, New Brunswick, E3B 3E7, Canada","['The UPS Store', 'UPS Store', 'Kwik-Way Convenience Store', 'Urban Almanac', 'Southpaw Animal Hospital', 'The UPS Store', 'UPS Store', 'Kwik-Way Convenience Store', 'Urban Almanac']","['Miscellaneous Shop', 'Paper / Office Supplies Store', 'Convenience Store', 'Furniture / Home Store', 'Veterinarian', 'Miscellaneous Shop', 'Paper / Office Supplies Store', 'Convenience Store', 'Furniture / Home Store']",700.0,1,1,0.0,0,0.0,2.0,0.0,0.0,2,0,0,2.0,0.0,0.0,2.0,0.0,0.0,1.0,0.0,0,0,2020-10-25,,,,,,,,,,,,,
"Wellington Court, Sandyville, Fredericton, York County, New Brunswick, E3A 4A3, Canada",[],[''],700.0,1,1,0.0,0,0.0,0.0,0.0,0.0,0,0,0,0.0,0.0,0.0,0.0,0.0,0.0,0.0,1.0,0,0,2020-10-25,,,,,,,,,,,,,
"Valleyview Street, College Hill, Skyline Acres, Fredericton, York County, New Brunswick, E3B 9W4, Canada","['Dollar Store', 'Lady Beaverbrook Gym - UNB', 'South Gym', 'New Gym -  UNB', 'Currie Center Gym -  UNB', 'Dollar Store']","['Miscellaneous Shop', 'Gym / Fitness Center', 'College Rec Center', 'College Gym', 'College Gym', 'Miscellaneous Shop']",700.0,1,1,0.0,2,1.0,0.0,0.0,0.0,0,0,1,2.0,0.0,0.0,0.0,0.0,0.0,0.0,0.0,0,0,2020-10-25,,,,,,,,,,,,,
"Sunset Drive, Royal Road, Barton, Fredericton, York County, New Brunswick, E3A 1B8, Canada","['LeBlanc Gym', 'Royal Road Veterinary Hospital', 'Royal Road Veterinary Hospital Inc']","['Gym', 'Veterinarian', 'Veterinarian']",700.0,0,1,0.0,0,0.0,0.0,0.0,0.0,0,0,0,0.0,0.0,0.0,0.0,0.0,0.0,2.0,0.0,1,0,2020-10-25,,,,,,,,,,,,,
"602, Graham Avenue, College Hill, Downtown, Fredericton, York County, New Brunswick, E3B 0V4, Canada","['The UPS Store', 'UPS Store', 'Lady Beaverbrook Gym - UNB', 'New Gym -  UNB', 'Currie Center Gym -  UNB', 'Candy land', 'The UPS Store', 'UPS Store']","['Miscellaneous Shop', 'Paper / Office Supplies Store', 'Gym / Fitness Center', 'College Gym', 'College Gym', 'Nudist Beach', 'Miscellaneous Shop', 'Paper / Office Supplies Store']",785.0,2,1,0.0,2,0.0,0.0,0.0,0.0,0,0,1,2.0,0.0,1.0,2.0,0.0,0.0,0.0,0.0,0,0,2020-10-25,,,,,,,,,,,,,
"260, Wetmore Road, Dunn's Crossing, Southwood Park, Fredericton, York County, New Brunswick, E3B 5H1, Canada",[],[''],795.0,1,1,0.0,0,0.0,0.0,0.0,0.0,0,0,0,0.0,0.0,0.0,0.0,0.0,0.0,0.0,1.0,0,0,2020-10-25,,,,,,,,,,,,,
"Biggs Street, Dunn's Crossing, Forest Hills, Fredericton, York County, New Brunswick, E3B 6X5, Canada",[],[''],800.0,2,1,0.0,0,0.0,0.0,0.0,0.0,0,0,0,0.0,0.0,0.0,0.0,0.0,0.0,0.0,1.0,0,0,2020-10-25,,,,,,,,,,,,,
"65, Greenfields Drive, Uptown, Fredericton, York County, New Brunswick, E3B 2T7, Canada","['kadam shoe store', 'Fredericton Animal Hospital', 'kadam shoe store']","['Department Store', 'Veterinarian', 'Department Store']",825.0,2,1,0.0,0,0.0,0.0,2.0,0.0,0,0,0,0.0,0.0,0.0,0.0,0.0,0.0,1.0,0.0,0,0,2020-10-25,,,,,,,,,,,,,
"Epworth Circle, North Devon, Nashwaaksis, Fredericton, York County, New Brunswick, E3A 2S4, Canada","['The Salvation Army Thrift Store', 'Sherwin-Williams Paint Store', 'Coop Country Store', 'Main Street Veterinary Hospital', 'Main street veterinary hospital', 'The Salvation Army Thrift Store', 'Coop Country Store', 'Sherwin-Williams Paint Store']","['Thrift / Vintage Store', 'Hardware Store', 'Furniture / Home Store', 'Veterinarian', 'Veterinarian', 'Thrift / Vintage Store', 'Furniture / Home Store', 'Hardware Store']",895.0,2,1,0.0,0,0.0,0.0,0.0,0.0,2,0,0,0.0,0.0,0.0,0.0,0.0,0.0,2.0,0.0,0,2,2020-10-25,,,,,,,,,,,,,
"20, Hargrove Court, Station Pointe, Barker's Point, Fredericton, York County, New Brunswick, Canada",[],[''],900.0,2,1,0.0,0,0.0,0.0,0.0,0.0,0,0,0,0.0,0.0,0.0,0.0,0.0,0.0,0.0,1.0,0,0,2020-10-25,,,,,,,,,,,,,
"Cafe Loka, 347, York Street, Carleton, Downtown, Fredericton, York County, New Brunswick, E3B 3L7, Canada","['The UPS Store', 'UPS Store', 'Kwik-Way Convenience Store', 'The Travel Store', 'Urban Almanac', 'Harvest Jazz And Blues Store', 'Southpaw Animal Hospital', 'Candy land', 'The UPS Store', 'UPS Store', 'Kwik-Way Convenience Store', 'The Travel Store', 'Urban Almanac', 'Harvest Jazz And Blues Store']","['Miscellaneous Shop', 'Paper / Office Supplies Store', 'Convenience Store', 'General Travel', 'Furniture / Home Store', 'Clothing Store', 'Veterinarian', 'Nudist Beach', 'Miscellaneous Shop', 'Paper / Office Supplies Store', 'Convenience Store', 'General Travel', 'Furniture / Home Store', 'Clothing Store']",950.0,2,1,2.0,0,0.0,2.0,0.0,0.0,2,2,0,2.0,0.0,1.0,2.0,0.0,0.0,1.0,0.0,0,0,2020-10-25,,,,,,,,,,,,,
"Priestman Street, Rabbit Town, Uptown, Fredericton, York County, New Brunswick, E3B 3H2, Canada","[""Dick's Grocery Store"", 'Great Canadian Dollar Store', 'Everything For A Dollar Store', 'kadam shoe store', 'Fredericton Animal Hospital', 'Everything For A Dollar Store', 'Great Canadian Dollar Store', 'kadam shoe store', ""Dick's Grocery Store""]","['Smoke Shop', 'Discount Store', 'Miscellaneous Shop', 'Department Store', 'Veterinarian', 'Miscellaneous Shop', 'Discount Store', 'Department Store', 'Smoke Shop']",950.0,1,1,0.0,0,0.0,0.0,2.0,2.0,0,0,0,2.0,0.0,0.0,0.0,2.0,0.0,1.0,0.0,0,0,2020-10-25,,,,,,,,,,,,,
"George Street, Carleton, Downtown, Fredericton, York County, New Brunswick, E3B 3X2, Canada","['The UPS Store', 'Kwik-Way Convenience Store', 'UPS Store', 'Urban Almanac', 'The Travel Store', 'Militia Arms Store', 'Harvest Jazz And Blues Store', 'Crowne Plaza Fredericton-Lord Beaverbrook Pool & Gym', 'Southpaw Animal Hospital', 'Candy land', 'The UPS Store', 'UPS Store', 'Kwik-Way Convenience Store', 'Urban Almanac', 'The Travel Store', 'Militia Arms Store', 'Harvest Jazz And Blues Store']","['Miscellaneous Shop', 'Convenience Store', 'Paper / Office Supplies Store', 'Furniture / Home Store', 'General Travel', 'Tourist Information Center', 'Clothing Store', 'Gym / Fitness Center', 'Veterinarian', 'Nudist Beach', 'Miscellaneous Shop', 'Paper / Office Supplies Store', 'Convenience Store', 'Furniture / Home Store', 'General Travel', 'Tourist Information Center', 'Clothing Store']",500.0,1,1,,2,,,2.0,,0,2,2,0.0,1.0,,0.0,2.0,2.0,0.0,0.0,2,1,2020-10-25,,,,,,,,,,,,,
"Irvine Street, Neill Brae, Youngs Crossing, Fredericton, York County, New Brunswick, E3A 9M1, Canada",[],[''],595.0,0,1,,0,,,0.0,,0,0,0,0.0,0.0,,0.0,0.0,0.0,0.0,0.0,0,0,2020-10-25,,,,,,,,,,,,,
"Murray Avenue, Neill Brae, Cliffe Crossing, Fredericton, York County, New Brunswick, E3A 9M1, Canada",[],[''],720.0,2,1,,0,,,0.0,,0,0,0,0.0,0.0,,0.0,0.0,0.0,0.0,0.0,0,0,2020-10-25,,,,,,,,,,,,,
"Wetmore Road, Dunn's Crossing, Southwood Park, Fredericton, York County, New Brunswick, E3B 5H1, Canada",[],[''],795.0,1,1,,0,,,0.0,,0,0,0,0.0,0.0,,0.0,0.0,0.0,0.0,0.0,0,0,2020-10-25,,,,,,,,,,,,,
"Brookside Drive, Royal Road, Nashwaaksis, Fredericton, York County, New Brunswick, E3A 1B8, Canada","['Corner Store', 'Seed The Need Goodwill Store', 'LeBlanc Gym', 'Corner Store', 'Seed The Need Goodwill Store']","['Convenience Store', 'Thrift / Vintage Store', 'Gym', 'Convenience Store', 'Thrift / Vintage Store']",820.0,1,1,,0,,,2.0,,0,0,0,1.0,0.0,,0.0,0.0,0.0,0.0,2.0,0,0,2020-10-25,,,,,,,,,,,,,
"Priestman Street, College Hill, Uptown, Fredericton, York County, New Brunswick, E3B 5W7, Canada","[""Dick's Grocery Store"", 'Dollar Store', 'Great Canadian Dollar Store', 'Everything For A Dollar Store', 'Dr Everett Chalmers Regional Hospital', 'Dollar Store', 'Everything For A Dollar Store', 'Great Canadian Dollar Store', ""Dick's Grocery Store""]","['Smoke Shop', 'Miscellaneous Shop', 'Discount Store', 'Miscellaneous Shop', 'Hospital', 'Miscellaneous Shop', 'Miscellaneous Shop', 'Discount Store', 'Smoke Shop']",825.0,2,1,,0,,,0.0,,2,0,0,0.0,0.0,,1.0,4.0,0.0,2.0,0.0,0,0,2020-10-25,,,,,,,,,,,,,
"Brunswick Street, Victoria Circle, Downtown, Fredericton, York County, New Brunswick, E3B 1G5, Canada","['Urban Almanac', 'Urban Almanac']","['Furniture / Home Store', 'Furniture / Home Store']",850.0,1,1,,0,,,0.0,,0,2,0,0.0,0.0,,0.0,0.0,0.0,0.0,0.0,0,0,2020-10-25,,,,,,,,,,,,,
"Union Street, North Devon, Sitansisk (St. Mary's First Nation), Fredericton, York County, New Brunswick, E3A 3M8, Canada","['Great Canadian Dollar store', ""SSaint Mary's supermarket"", ""St. Mary's Supermarket"", 'City Animal Hospital Ltd.', 'City Animal Hospital', 'Great Canadian Dollar store']","['Convenience Store', 'Grocery Store', 'Grocery Store', 'Veterinarian', 'Veterinarian', 'Convenience Store']",750.0,0,1,,0,0.0,0.0,2.0,0.0,0,0,0,0.0,0.0,0.0,0.0,0.0,0.0,0.0,0.0,0,2,2020-11-01,"Union Street, North Devon, Sitansisk (St. Mary's First Nation), Fredericton, York County, New Brunswick, E3A 3M8, Canada",2.0,0.0,,,,,,,,,,
"Wellington Court, Sandyville, Fredericton, York County, New Brunswick, E3A 4A3, Canada",[],[''],800.0,1,1,,0,0.0,0.0,0.0,0.0,0,0,0,0.0,0.0,0.0,0.0,0.0,0.0,0.0,0.0,0,0,2020-11-01,"Wellington Court, Sandyville, Fredericton, York County, New Brunswick, E3A 4A3, Canada",0.0,0.0,,,,,,,,,,
"Fredericton, York County, New Brunswick, Canada","['The Travel Store', 'Militia Arms Store', 'Urban Almanac', 'The Travel Store', 'Militia Arms Store', 'Urban Almanac']","['General Travel', 'Tourist Information Center', 'Furniture / Home Store', 'General Travel', 'Tourist Information Center', 'Furniture / Home Store']",820.0,2,1,,0,0.0,0.0,0.0,0.0,0,2,2,0.0,0.0,0.0,0.0,0.0,0.0,0.0,0.0,2,0,2020-11-01,"Fredericton, York County, New Brunswick, Canada",0.0,0.0,,,,,,,,,,
"Parkside Drive, Rabbit Town, Uptown, Fredericton, York County, New Brunswick, E3B 3H2, Canada","[""Dick's Grocery Store"", 'Great Canadian Dollar Store', 'Everything For A Dollar Store', 'kadam shoe store', 'Fredericton Animal Hospital', 'Everything For A Dollar Store', 'kadam shoe store', 'Great Canadian Dollar Store', ""Dick's Grocery Store""]","['Smoke Shop', 'Discount Store', 'Miscellaneous Shop', 'Department Store', 'Veterinarian', 'Miscellaneous Shop', 'Department Store', 'Discount Store', 'Smoke Shop']",825.0,1,1,,0,0.0,0.0,0.0,2.0,2,0,0,0.0,0.0,0.0,0.0,2.0,0.0,2.0,0.0,0,1,2020-11-01,"Parkside Drive, Rabbit Town, Uptown, Fredericton, York County, New Brunswick, E3B 3H2, Canada",0.0,0.0,,,,,,,,,,
"Fredericton, York County, New Brunswick, Canada","['The Travel Store', 'Militia Arms Store', 'Urban Almanac', 'The Travel Store', 'Militia Arms Store', 'Urban Almanac']","['General Travel', 'Tourist Information Center', 'Furniture / Home Store', 'General Travel', 'Tourist Information Center', 'Furniture / Home Store']",825.0,1,1,,0,0.0,0.0,0.0,0.0,0,2,2,0.0,0.0,0.0,0.0,0.0,0.0,0.0,0.0,2,0,2020-11-01,"Fredericton, York County, New Brunswick, Canada",0.0,0.0,,,,,,,,,,
"Fredericton, York County, New Brunswick, Canada","['The Travel Store', 'Militia Arms Store', 'Urban Almanac', 'The Travel Store', 'Militia Arms Store', 'Urban Almanac']","['General Travel', 'Tourist Information Center', 'Furniture / Home Store', 'General Travel', 'Tourist Information Center', 'Furniture / Home Store']",850.0,2,1,,0,0.0,0.0,0.0,0.0,0,2,2,0.0,0.0,0.0,0.0,0.0,0.0,0.0,0.0,2,0,2020-11-01,"Fredericton, York County, New Brunswick, Canada",0.0,0.0,,,,,,,,,,
"248, Montgomery Street, College Hill, Uptown, Fredericton, York County, New Brunswick, E3B 5W7, Canada","[""Dick's Grocery Store"", 'kadam shoe store', 'kadam shoe store', ""Dick's Grocery Store""]","['Smoke Shop', 'Department Store', 'Department Store', 'Smoke Shop']",850.0,1,1,,0,0.0,0.0,0.0,2.0,0,0,0,0.0,0.0,0.0,0.0,0.0,0.0,2.0,0.0,0,0,2020-11-01,"248, Montgomery Street, College Hill, Uptown, Fredericton, York County, New Brunswick, E3B 5W7, Canada",0.0,0.0,,,,,,,,,,
"346, Union Street, North Devon, Sitansisk (St. Mary's First Nation), Fredericton, York County, New Brunswick, E3A 3M8, Canada","['The Salvation Army Thrift Store', 'Sherwin-Williams Paint Store', 'Coop Country Store', ""SSaint Mary's supermarket"", ""St. Mary's Supermarket"", 'Main Street Veterinary Hospital', 'Main street veterinary hospital', 'Coop Country Store', 'The Salvation Army Thrift Store', 'Sherwin-Williams Paint Store']","['Thrift / Vintage Store', 'Hardware Store', 'Furniture / Home Store', 'Grocery Store', 'Grocery Store', 'Veterinarian', 'Veterinarian', 'Furniture / Home Store', 'Thrift / Vintage Store', 'Hardware Store']",850.0,2,1,,0,0.0,0.0,0.0,0.0,0,2,0,0.0,0.0,2.0,0.0,0.0,0.0,0.0,2.0,0,2,2020-11-01,"346, Union Street, North Devon, Sitansisk (St. Mary's First Nation), Fredericton, York County, New Brunswick, E3A 3M8, Canada",2.0,0.0,,,,,,,,,,
"Gilbert Street, NB Power, Youngs Crossing, Fredericton, York County, New Brunswick, E3A 4A1, Canada",[],[''],875.0,2,1,,0,0.0,0.0,0.0,0.0,0,0,0,0.0,0.0,0.0,0.0,0.0,0.0,0.0,0.0,0,0,2020-11-01,"Gilbert Street, NB Power, Youngs Crossing, Fredericton, York County, New Brunswick, E3A 4A1, Canada",0.0,0.0,,,,,,,,,,
"Parkside Drive, Rabbit Town, Uptown, Fredericton, York County, New Brunswick, E3B 3H2, Canada","[""Dick's Grocery Store"", 'Great Canadian Dollar Store', 'Everything For A Dollar Store', 'kadam shoe store', 'Fredericton Animal Hospital', 'Everything For A Dollar Store', 'kadam shoe store', 'Great Canadian Dollar Store', ""Dick's Grocery Store""]","['Smoke Shop', 'Discount Store', 'Miscellaneous Shop', 'Department Store', 'Veterinarian', 'Miscellaneous Shop', 'Department Store', 'Discount Store', 'Smoke Shop']",900.0,2,1,,0,0.0,0.0,0.0,2.0,2,0,0,0.0,0.0,0.0,0.0,2.0,0.0,2.0,0.0,0,1,2020-11-01,"Parkside Drive, Rabbit Town, Uptown, Fredericton, York County, New Brunswick, E3B 3H2, Canada",0.0,0.0,,,,,,,,,,
"McLeod Hill Road, Chateau Heights, Fredericton, York County, New Brunswick, E3A 6M9, Canada",[],[''],900.0,2,1,,0,0.0,0.0,0.0,0.0,0,0,0,0.0,0.0,0.0,0.0,0.0,0.0,0.0,0.0,0,0,2020-11-01,"McLeod Hill Road, Chateau Heights, Fredericton, York County, New Brunswick, E3A 6M9, Canada",0.0,0.0,,,,,,,,,,
"Biggs Street, Dunn's Crossing, Forest Hills, Fredericton, York County, New Brunswick, E3B 6X5, Canada",[],[''],950.0,1,1,,0,0.0,0.0,0.0,0.0,0,0,0,0.0,0.0,0.0,0.0,0.0,0.0,0.0,0.0,0,0,2020-11-01,"Biggs Street, Dunn's Crossing, Forest Hills, Fredericton, York County, New Brunswick, E3B 6X5, Canada",0.0,0.0,,,,,,,,,,
"Priestman Street, College Hill, Uptown, Fredericton, York County, New Brunswick, E3B 5W7, Canada","[""Dick's Grocery Store"", 'Dollar Store', 'Great Canadian Dollar Store', 'Everything For A Dollar Store', 'Dr Everett Chalmers Regional Hospital', 'Dollar Store', 'Everything For A Dollar Store', 'Great Canadian Dollar Store', ""Dick's Grocery Store""]","['Smoke Shop', 'Miscellaneous Shop', 'Discount Store', 'Miscellaneous Shop', 'Hospital', 'Miscellaneous Shop', 'Miscellaneous Shop', 'Discount Store', 'Smoke Shop']",950.0,1,1,,0,0.0,0.0,0.0,0.0,2,0,0,0.0,0.0,0.0,1.0,4.0,0.0,2.0,0.0,0,0,2020-11-01,"Priestman Street, College Hill, Uptown, Fredericton, York County, New Brunswick, E3B 5W7, Canada",0.0,0.0,,,,,,,,,,
"Maple Street, North Devon, Sitansisk (St. Mary's First Nation), Fredericton, York County, New Brunswick, E3A 2S4, Canada","['Coop Country Store', ""SSaint Mary's supermarket"", ""St. Mary's Supermarket"", 'Main Street Veterinary Hospital', 'Coop Country Store']","['Furniture / Home Store', 'Grocery Store', 'Grocery Store', 'Veterinarian', 'Furniture / Home Store']",950.0,2,1,,0,0.0,0.0,0.0,0.0,0,2,0,0.0,0.0,0.0,0.0,0.0,0.0,0.0,0.0,0,1,2020-11-01,"Maple Street, North Devon, Sitansisk (St. Mary's First Nation), Fredericton, York County, New Brunswick, E3A 2S4, Canada",2.0,0.0,,,,,,,,,,
"Dunns Crossing Road, Dunn's Crossing, Forest Hills, Fredericton, York County, New Brunswick, E3B 4K9, Canada",[],[''],995.0,1,1,,0,0.0,0.0,0.0,0.0,0,0,0,0.0,0.0,0.0,0.0,0.0,0.0,0.0,0.0,0,0,2020-11-01,"Dunns Crossing Road, Dunn's Crossing, Forest Hills, Fredericton, York County, New Brunswick, E3B 4K9, Canada",0.0,0.0,,,,,,,,,,
"969, Regent Street, College Hill, Uptown, Fredericton, York County, New Brunswick, E3B 5W7, Canada","[""Dick's Grocery Store"", 'Dollar Store', 'Everything For A Dollar Store', 'Dr Everett Chalmers Regional Hospital', 'Dollar Store', 'Everything For A Dollar Store', ""Dick's Grocery Store""]","['Smoke Shop', 'Miscellaneous Shop', 'Miscellaneous Shop', 'Hospital', 'Miscellaneous Shop', 'Miscellaneous Shop', 'Smoke Shop']",995.0,2,2,,0,0.0,0.0,0.0,0.0,0,0,0,0.0,0.0,0.0,1.0,4.0,0.0,2.0,0.0,0,0,2020-11-01,"969, Regent Street, College Hill, Uptown, Fredericton, York County, New Brunswick, E3B 5W7, Canada",0.0,0.0,,,,,,,,,,
"Forest Hill Road, Dunn's Crossing, Forest Hills, Fredericton, York County, New Brunswick, E3B 6X5, Canada",[],[''],1025.0,0,1,,0,0.0,0.0,0.0,0.0,0,0,0,0.0,0.0,0.0,0.0,0.0,0.0,0.0,0.0,0,0,2020-11-01,"Forest Hill Road, Dunn's Crossing, Forest Hills, Fredericton, York County, New Brunswick, E3B 6X5, Canada",0.0,0.0,,,,,,,,,,
"15, Waggoners Lane, Rabbit Town, Sunshine Gardens, Fredericton, York County, New Brunswick, E3B 2L4, Canada","['Kwik-Way Convenience Store', 'Kwik-Way Convenience Store']","['Convenience Store', 'Convenience Store']",1035.0,2,1,,0,0.0,0.0,2.0,0.0,0,0,0,0.0,0.0,0.0,0.0,0.0,0.0,0.0,0.0,0,0,2020-11-01,"15, Waggoners Lane, Rabbit Town, Sunshine Gardens, Fredericton, York County, New Brunswick, E3B 2L4, Canada",0.0,0.0,,,,,,,,,,
"Wetmore Road, Dunn's Crossing, Southwood Park, Fredericton, York County, New Brunswick, E3B 5H1, Canada",[],[''],1050.0,2,2,,0,0.0,0.0,0.0,0.0,0,0,0,0.0,0.0,0.0,0.0,0.0,0.0,0.0,0.0,0,0,2020-11-01,"Wetmore Road, Dunn's Crossing, Southwood Park, Fredericton, York County, New Brunswick, E3B 5H1, Canada",0.0,0.0,,,,,,,,,,
"Boyne Court, Dunn's Crossing, Forest Hills, Fredericton, York County, New Brunswick, E3B 4K9, Canada",[],[''],1095.0,2,1,,0,0.0,0.0,0.0,0.0,0,0,0,0.0,0.0,0.0,0.0,0.0,0.0,0.0,0.0,0,0,2020-11-01,"Boyne Court, Dunn's Crossing, Forest Hills, Fredericton, York County, New Brunswick, E3B 4K9, Canada",0.0,0.0,,,,,,,,,,
"Fredericton, York County, New Brunswick, Canada","['The Travel Store', 'Militia Arms Store', 'Urban Almanac', 'The Travel Store', 'Militia Arms Store', 'Urban Almanac']","['General Travel', 'Tourist Information Center', 'Furniture / Home Store', 'General Travel', 'Tourist Information Center', 'Furniture / Home Store']",1.0,2,2,,0,,,0.0,0.0,0,2,2,,0.0,,,,,,,2,0,2020-11-15,,0.0,,"Fredericton, York County, New Brunswick, Canada",0.0,0.0,0.0,0.0,,,,,
"Union Street, North Devon, Sitansisk (St. Mary's First Nation), Fredericton, York County, New Brunswick, E3A 3M8, Canada","['Great Canadian Dollar store', ""St. Mary's Supermarket"", ""SSaint Mary's supermarket"", 'City Animal Hospital Ltd.', 'City Animal Hospital', 'Great Canadian Dollar store']","['Convenience Store', 'Grocery Store', 'Grocery Store', 'Veterinarian', 'Veterinarian', 'Convenience Store']",500.0,2,2,,0,,,2.0,0.0,0,0,0,,0.0,,,,,,,0,2,2020-11-15,,2.0,,"Union Street, North Devon, Sitansisk (St. Mary's First Nation), Fredericton, York County, New Brunswick, E3A 3M8, Canada",0.0,0.0,0.0,0.0,,,,,
"87-99, York Street, Garrison District, Downtown, Fredericton, York County, New Brunswick, E3B 3N4, Canada","['The Travel Store', 'Militia Arms Store', 'Urban Almanac', 'Harvest Jazz And Blues Store', 'Crowne Plaza Fredericton-Lord Beaverbrook Pool & Gym', 'Southpaw Animal Hospital', 'The Travel Store', 'Militia Arms Store', 'Urban Almanac', 'Harvest Jazz And Blues Store']","['General Travel', 'Tourist Information Center', 'Furniture / Home Store', 'Clothing Store', 'Gym / Fitness Center', 'Veterinarian', 'General Travel', 'Tourist Information Center', 'Furniture / Home Store', 'Clothing Store']",700.0,2,1,,2,,,0.0,0.0,0,2,2,,1.0,,,,,,,2,1,2020-11-15,,0.0,,"87-99, York Street, Garrison District, Downtown, Fredericton, York County, New Brunswick, E3B 3N4, Canada",0.0,0.0,0.0,0.0,,,,,
"Brunswick Street, Victoria Circle, Downtown, Fredericton, York County, New Brunswick, E3B 1G5, Canada","['Urban Almanac', 'Urban Almanac']","['Furniture / Home Store', 'Furniture / Home Store']",750.0,0,1,,0,,,0.0,0.0,0,2,0,,0.0,,,,,,,0,0,2020-11-15,,0.0,,"Brunswick Street, Victoria Circle, Downtown, Fredericton, York County, New Brunswick, E3B 1G5, Canada",0.0,0.0,0.0,0.0,,,,,
"Regent Street, Uptown, Fredericton, York County, New Brunswick, E3C 1A2, Canada","['American Eagle & Aerie Store', 'Great Canadian Dollar Store', 'Gap Factory Store', 'Walmart Grocery Pickup', 'BellAliant Store', 'Jump +', 'The Fapple Store', 'TELUS', 'Showcase Store As seen on TV', 'American Eagle & Aerie Store', 'Gap Factory Store', 'BellAliant Store', 'Jump +', 'The Fapple Store', 'TELUS', 'Showcase Store As seen on TV', 'Great Canadian Dollar Store']","['Clothing Store', 'Discount Store', 'Clothing Store', 'Supermarket', 'Mobile Phone Shop', 'Electronics Store', 'Electronics Store', 'IT Services', 'Department Store', 'Clothing Store', 'Clothing Store', 'Mobile Phone Shop', 'Electronics Store', 'Electronics Store', 'IT Services', 'Department Store', 'Discount Store']",750.0,0,1,,4,,,0.0,2.0,2,0,0,,0.0,,,,,,,0,0,2020-11-15,,0.0,,"Regent Street, Uptown, Fredericton, York County, New Brunswick, E3C 1A2, Canada",4.0,2.0,2.0,1.0,,,,,
"Dunns Crossing Road, Dunn's Crossing, Forest Hills, Fredericton, New Brunswick, E3B 4K9, Canada",[],[''],995.0,1,1,,0,,,0.0,0.0,0,0,0,,,,,0.0,,0.0,,0,0,2020-11-20,,0.0,,,0.0,0.0,0.0,0.0,"Dunns Crossing Road, Dunn's Crossing, Forest Hills, Fredericton, New Brunswick, E3B 4K9, Canada",,,,
"Irvine Street, Neill Brae, Youngs Crossing, Fredericton, New Brunswick, E3A 9M1, Canada",[],[''],595.0,1,1,,0,,,0.0,0.0,0,0,0,,,,,0.0,,0.0,,0,0,2020-11-20,,0.0,,,0.0,0.0,0.0,0.0,"Irvine Street, Neill Brae, Youngs Crossing, Fredericton, New Brunswick, E3A 9M1, Canada",,,,
"Fredericton, New Brunswick, Canada","['Urban Almanac', 'The Travel Store', 'Militia Arms Store', 'Urban Almanac', 'The Travel Store', 'Militia Arms Store']","['Furniture / Home Store', 'General Travel', 'Tourist Information Center', 'Furniture / Home Store', 'General Travel', 'Tourist Information Center']",650.0,0,1,,0,,,0.0,0.0,0,2,2,,,,,0.0,,0.0,,2,0,2020-11-20,,0.0,,,0.0,0.0,0.0,0.0,"Fredericton, New Brunswick, Canada",,,,
"71, Angelview Court, Morning Gate, Fredericton, New Brunswick, E3B 5Z1, Canada",[],[''],695.0,0,1,,0,,,0.0,0.0,0,0,0,,,,,0.0,,0.0,,0,0,2020-11-20,,0.0,,,0.0,0.0,0.0,0.0,"71, Angelview Court, Morning Gate, Fredericton, New Brunswick, E3B 5Z1, Canada",,,,
"80, Rue Biggs, Dunn's Crossing, Forest Hills, Fredericton, New Brunswick, E3B 4K9, Canada",[],[''],725.0,1,1,,0,,,0.0,0.0,0,0,0,,,,,0.0,,0.0,,0,0,2020-11-20,,0.0,,,0.0,0.0,0.0,0.0,"80, Rue Biggs, Dunn's Crossing, Forest Hills, Fredericton, New Brunswick, E3B 4K9, Canada",,,,
"Brunswick Street, Victoria Circle, Downtown, Fredericton, New Brunswick, E3B 1G5, Canada","['Urban Almanac', 'Urban Almanac']","['Furniture / Home Store', 'Furniture / Home Store']",750.0,2,1,,0,,,0.0,0.0,0,2,0,,,,,0.0,,0.0,,0,0,2020-11-20,,0.0,,,0.0,0.0,0.0,0.0,"Brunswick Street, Victoria Circle, Downtown, Fredericton, New Brunswick, E3B 1G5, Canada",,,,
"Regent Street, Uptown, Fredericton, New Brunswick, E3C 1A2, Canada","['Great Canadian Dollar Store', 'American Eagle & Aerie Store', 'The Fapple Store', 'Walmart Grocery Pickup', 'BellAliant Store', 'TELUS', 'Gap Factory Store', 'Showcase Store As seen on TV', 'Jump +', 'American Eagle & Aerie Store', 'The Fapple Store', 'BellAliant Store', 'TELUS', 'Showcase Store As seen on TV', 'Jump +', 'Great Canadian Dollar Store', 'Gap Factory Store']","['Discount Store', 'Clothing Store', 'Electronics Store', 'Supermarket', 'Mobile Phone Shop', 'IT Services', 'Clothing Store', 'Department Store', 'Electronics Store', 'Clothing Store', 'Electronics Store', 'Mobile Phone Shop', 'IT Services', 'Department Store', 'Electronics Store', 'Discount Store', 'Clothing Store']",750.0,1,1,,4,,,0.0,2.0,2,0,0,,,,,0.0,,0.0,,0,0,2020-11-20,,0.0,,,4.0,2.0,2.0,1.0,"Regent Street, Uptown, Fredericton, New Brunswick, E3C 1A2, Canada",,,,
"71, Smith Street, North Devon, Downtown, Fredericton, New Brunswick, E3A 3M8, Canada","['Great Canadian Dollar store', ""St. Mary's Supermarket"", ""SSaint Mary's supermarket"", 'City Animal Hospital Ltd.', 'City Animal Hospital', 'Main Street Veterinary Hospital', 'Great Canadian Dollar store']","['Convenience Store', 'Grocery Store', 'Grocery Store', 'Veterinarian', 'Veterinarian', 'Veterinarian', 'Convenience Store']",750.0,1,1,,0,,,2.0,0.0,0,0,0,,,,,0.0,,0.0,,0,3,2020-11-20,,2.0,,,0.0,0.0,0.0,0.0,"71, Smith Street, North Devon, Downtown, Fredericton, New Brunswick, E3A 3M8, Canada",,,,
"Forest Hill Road, Dunn's Crossing, Forest Hills, Fredericton, New Brunswick, E3B 6X5, Canada",[],[''],775.0,0,1,,0,,,0.0,0.0,0,0,0,,,,,0.0,,0.0,,0,0,2020-11-20,,0.0,,,0.0,0.0,0.0,0.0,"Forest Hill Road, Dunn's Crossing, Forest Hills, Fredericton, New Brunswick, E3B 6X5, Canada",,,,
"Wellington Court, Sandyville, Fredericton, New Brunswick, E3A 4A3, Canada",[],[''],800.0,1,1,,0,,,0.0,0.0,0,0,0,,,,,0.0,,0.0,,0,0,2020-11-20,,0.0,,,0.0,0.0,0.0,0.0,"Wellington Court, Sandyville, Fredericton, New Brunswick, E3A 4A3, Canada",,,,
"Parkside Drive, Rabbit Town, Uptown, Fredericton, New Brunswick, E3B 3H2, Canada","[""Dick's Grocery Store"", 'Great Canadian Dollar Store', 'Everything For A Dollar Store', 'kadam shoe store', 'Fredericton Animal Hospital', 'Everything For A Dollar Store', ""Dick's Grocery Store"", 'kadam shoe store', 'Great Canadian Dollar Store']","['Smoke Shop', 'Discount Store', 'Miscellaneous Shop', 'Department Store', 'Veterinarian', 'Miscellaneous Shop', 'Smoke Shop', 'Department Store', 'Discount Store']",825.0,2,1,,0,,,0.0,2.0,2,0,0,,,,,2.0,,2.0,,0,1,2020-11-20,,0.0,,,0.0,0.0,0.0,0.0,"Parkside Drive, Rabbit Town, Uptown, Fredericton, New Brunswick, E3B 3H2, Canada",,,,
"Wetmore Road, Dunn's Crossing, Southwood Park, Fredericton, New Brunswick, E3B 5H1, Canada",[],[''],825.0,2,1,,0,,,0.0,0.0,0,0,0,,,,,0.0,,0.0,,0,0,2020-11-20,,0.0,,,0.0,0.0,0.0,0.0,"Wetmore Road, Dunn's Crossing, Southwood Park, Fredericton, New Brunswick, E3B 5H1, Canada",,,,
"Biggs Street, Dunn's Crossing, Forest Hills, Fredericton, New Brunswick, E3B 6X5, Canada",[],[''],850.0,2,1,,0,,,0.0,0.0,0,0,0,,,,,0.0,,0.0,,0,0,2020-11-20,,0.0,,,0.0,0.0,0.0,0.0,"Biggs Street, Dunn's Crossing, Forest Hills, Fredericton, New Brunswick, E3B 6X5, Canada",,,,
"Brunswick Street, Victoria Circle, Downtown, Fredericton, New Brunswick, E3B 1G5, Canada","['Urban Almanac', 'Urban Almanac']","['Furniture / Home Store', 'Furniture / Home Store']",850.0,2,1,,0,,,0.0,0.0,0,2,0,,,,,0.0,,0.0,,0,0,2020-11-20,,0.0,,,0.0,0.0,0.0,0.0,"Brunswick Street, Victoria Circle, Downtown, Fredericton, New Brunswick, E3B 1G5, Canada",,,,
"Parkside Drive, Rabbit Town, Uptown, Fredericton, New Brunswick, E3B 3H2, Canada","[""Dick's Grocery Store"", 'Great Canadian Dollar Store', 'Everything For A Dollar Store', 'kadam shoe store', 'Fredericton Animal Hospital', 'Everything For A Dollar Store', ""Dick's Grocery Store"", 'kadam shoe store', 'Great Canadian Dollar Store']","['Smoke Shop', 'Discount Store', 'Miscellaneous Shop', 'Department Store', 'Veterinarian', 'Miscellaneous Shop', 'Smoke Shop', 'Department Store', 'Discount Store']",850.0,2,1,,0,,,0.0,2.0,2,0,0,,,,,2.0,,2.0,,0,1,2020-11-20,,0.0,,,0.0,0.0,0.0,0.0,"Parkside Drive, Rabbit Town, Uptown, Fredericton, New Brunswick, E3B 3H2, Canada",,,,
"NB Power, Youngs Crossing, Fredericton, New Brunswick, Canada",[],[''],875.0,1,1,,0,,,0.0,0.0,0,0,0,,,,,0.0,,0.0,,0,0,2020-11-20,,0.0,,,0.0,0.0,0.0,0.0,"NB Power, Youngs Crossing, Fredericton, New Brunswick, Canada",,,,
"825, McLeod Avenue, Queen's Park, Downtown, Fredericton, York County, New Brunswick / Nouveau-Brunswick, E3B 5H5, Canada","['The UPS Store', 'UPS Store', 'University Cafe & Market Convenience Store', 'Lady Beaverbrook Gym - UNB', 'New Gym -  UNB', 'Currie Center Gym -  UNB', 'Candy land', 'The UPS Store', 'UPS Store', 'University Cafe & Market Convenience Store']","['Miscellaneous Shop', 'Paper / Office Supplies Store', 'Candy Store', 'Gym / Fitness Center', 'College Gym', 'College Gym', 'Nudist Beach', 'Miscellaneous Shop', 'Paper / Office Supplies Store', 'Candy Store']",270.0,0,1,,0,2.0,0.0,,0.0,0,0,0,,1.0,,0.0,2.0,2.0,0.0,,0,0,2021-01-09,,,1.0,,,,,0.0,,"825, McLeod Avenue, Queen's Park, Downtown, Fredericton, York County, New Brunswick / Nouveau-Brunswick, E3B 5H5, Canada",2.0,0.0,
"Fredericton, Saint Marys Parish, New Brunswick / Nouveau-Brunswick, Canada","['Dollar Store', 'Dollar Store']","['Miscellaneous Shop', 'Miscellaneous Shop']",595.0,0,1,,0,0.0,0.0,,0.0,0,0,0,,0.0,,0.0,2.0,0.0,0.0,,0,0,2021-01-09,,,0.0,,,,,0.0,,"Fredericton, Saint Marys Parish, New Brunswick / Nouveau-Brunswick, Canada",0.0,0.0,
"York Street, Garrison District, Downtown, Fredericton, York County, New Brunswick / Nouveau-Brunswick, E3B 1B5, Canada","['Urban Almanac', 'The Travel Store', 'Militia Arms Store', 'Harvest Jazz And Blues Store', 'Crowne Plaza Fredericton-Lord Beaverbrook Pool & Gym', 'Urban Almanac', 'The Travel Store', 'Militia Arms Store', 'Harvest Jazz And Blues Store']","['Furniture / Home Store', 'General Travel', 'Tourist Information Center', 'Clothing Store', 'Gym / Fitness Center', 'Furniture / Home Store', 'General Travel', 'Tourist Information Center', 'Clothing Store']",725.0,1,1,,2,0.0,0.0,,0.0,0,2,2,,1.0,,0.0,0.0,0.0,0.0,,2,0,2021-01-09,,,0.0,,,,,0.0,,"York Street, Garrison District, Downtown, Fredericton, York County, New Brunswick / Nouveau-Brunswick, E3B 1B5, Canada",0.0,0.0,
"300, Inglewood Drive, Sunshine Gardens, Fredericton, York County, New Brunswick / Nouveau-Brunswick, E3B 2L4, Canada",[],[''],750.0,1,1,,0,0.0,0.0,,0.0,0,0,0,,0.0,,0.0,0.0,0.0,0.0,,0,0,2021-01-09,,,0.0,,,,,0.0,,"300, Inglewood Drive, Sunshine Gardens, Fredericton, York County, New Brunswick / Nouveau-Brunswick, E3B 2L4, Canada",0.0,0.0,
"Fredericton, Saint Marys Parish, New Brunswick / Nouveau-Brunswick, Canada","['Dollar Store', 'Dollar Store']","['Miscellaneous Shop', 'Miscellaneous Shop']",750.0,1,1,,0,0.0,0.0,,0.0,0,0,0,,0.0,,0.0,2.0,0.0,0.0,,0,0,2021-01-09,,,0.0,,,,,0.0,,"Fredericton, Saint Marys Parish, New Brunswick / Nouveau-Brunswick, Canada",0.0,0.0,
"242, Regent Street, Capital, Downtown, Fredericton, York County, New Brunswick / Nouveau-Brunswick, E3B 3W4, Canada","['The UPS Store', 'UPS Store', 'Urban Almanac', 'University Cafe & Market Convenience Store', 'The Travel Store', 'Militia Arms Store', 'Harvest Jazz And Blues Store', 'Crowne Plaza Fredericton-Lord Beaverbrook Pool & Gym', 'Southpaw Animal Hospital', 'Candy land', 'The UPS Store', 'UPS Store', 'Urban Almanac', 'University Cafe & Market Convenience Store', 'The Travel Store', 'Militia Arms Store', 'Harvest Jazz And Blues Store']","['Miscellaneous Shop', 'Paper / Office Supplies Store', 'Furniture / Home Store', 'Candy Store', 'General Travel', 'Tourist Information Center', 'Clothing Store', 'Gym / Fitness Center', 'Veterinarian', 'Nudist Beach', 'Miscellaneous Shop', 'Paper / Office Supplies Store', 'Furniture / Home Store', 'Candy Store', 'General Travel', 'Tourist Information Center', 'Clothing Store']",775.0,1,1,,2,0.0,0.0,,0.0,0,2,2,,1.0,,0.0,2.0,2.0,0.0,,2,1,2021-01-09,,,1.0,,,,,0.0,,"242, Regent Street, Capital, Downtown, Fredericton, York County, New Brunswick / Nouveau-Brunswick, E3B 3W4, Canada",2.0,0.0,
"376, Priestman Street, Uptown, Fredericton, York County, New Brunswick / Nouveau-Brunswick, E3B 5W3, Canada","[""Dick's Grocery Store"", 'Great Canadian Dollar Store', 'kadam shoe store', 'Everything For A Dollar Store', 'Dr Everett Chalmers Regional Hospital', 'Fredericton Animal Hospital', 'kadam shoe store', 'Everything For A Dollar Store', 'Great Canadian Dollar Store', ""Dick's Grocery Store""]","['Smoke Shop', 'Discount Store', 'Department Store', 'Miscellaneous Shop', 'Hospital', 'Veterinarian', 'Department Store', 'Miscellaneous Shop', 'Discount Store', 'Smoke Shop']",790.0,2,1,,0,0.0,0.0,,2.0,2,0,0,,0.0,,1.0,2.0,0.0,2.0,,0,1,2021-01-09,,,0.0,,,,,0.0,,"376, Priestman Street, Uptown, Fredericton, York County, New Brunswick / Nouveau-Brunswick, E3B 5W3, Canada",0.0,0.0,
"Valleyview Street, College Hill, Uptown, Fredericton, York County, New Brunswick / Nouveau-Brunswick, E3B 9W4, Canada","['Dollar Store', 'Lady Beaverbrook Gym - UNB', 'South Gym', 'New Gym -  UNB', 'Currie Center Gym -  UNB', 'Dollar Store']","['Miscellaneous Shop', 'Gym / Fitness Center', 'College Rec Center', 'College Gym', 'College Gym', 'Miscellaneous Shop']",800.0,2,1,,0,2.0,1.0,,0.0,0,0,0,,1.0,,0.0,2.0,0.0,0.0,,0,0,2021-01-09,,,0.0,,,,,0.0,,"Valleyview Street, College Hill, Uptown, Fredericton, York County, New Brunswick / Nouveau-Brunswick, E3B 9W4, Canada",0.0,0.0,
"213, Douglas Avenue, North Devon, Nashwaaksis, Fredericton, York County, New Brunswick / Nouveau-Brunswick, E3A 3M8, Canada","['Coop Country Store', 'Coop Country Store']","['Furniture / Home Store', 'Furniture / Home Store']",800.0,1,1,,0,0.0,0.0,,0.0,0,2,0,,0.0,,0.0,0.0,0.0,0.0,,0,0,2021-01-09,,,0.0,,,,,0.0,,"213, Douglas Avenue, North Devon, Nashwaaksis, Fredericton, York County, New Brunswick / Nouveau-Brunswick, E3A 3M8, Canada",0.0,0.0,
"Gilbert Street, NB Power, Youngs Crossing, Fredericton, York County, New Brunswick / Nouveau-Brunswick, E3A 4A1, Canada",[],[''],825.0,1,1,,0,0.0,0.0,,0.0,0,0,0,,0.0,,0.0,0.0,0.0,0.0,,0,0,2021-01-09,,,0.0,,,,,0.0,,"Gilbert Street, NB Power, Youngs Crossing, Fredericton, York County, New Brunswick / Nouveau-Brunswick, E3A 4A1, Canada",0.0,0.0,
"181, Parkside Drive, Uptown, Fredericton, York County, New Brunswick / Nouveau-Brunswick, E3B 3H2, Canada","[""Dick's Grocery Store"", 'kadam shoe store', 'Fredericton Animal Hospital', 'kadam shoe store', ""Dick's Grocery Store""]","['Smoke Shop', 'Department Store', 'Veterinarian', 'Department Store', 'Smoke Shop']",825.0,1,1,,0,0.0,0.0,,2.0,0,0,0,,0.0,,0.0,0.0,0.0,2.0,,0,1,2021-01-09,,,0.0,,,,,0.0,,"181, Parkside Drive, Uptown, Fredericton, York County, New Brunswick / Nouveau-Brunswick, E3B 3H2, Canada",0.0,0.0,
"202, Parkside Drive, Uptown, Fredericton, York County, New Brunswick / Nouveau-Brunswick, E3B 3H2, Canada","[""Dick's Grocery Store"", 'kadam shoe store', 'Everything For A Dollar Store', 'Fredericton Animal Hospital', 'kadam shoe store', 'Everything For A Dollar Store', ""Dick's Grocery Store""]","['Smoke Shop', 'Department Store', 'Miscellaneous Shop', 'Veterinarian', 'Department Store', 'Miscellaneous Shop', 'Smoke Shop']",825.0,2,1,,0,0.0,0.0,,2.0,0,0,0,,0.0,,0.0,2.0,0.0,2.0,,0,1,2021-01-09,,,0.0,,,,,0.0,,"202, Parkside Drive, Uptown, Fredericton, York County, New Brunswick / Nouveau-Brunswick, E3B 3H2, Canada",0.0,0.0,
"196, Dunns Crossing Road, Dunn's Crossing, Forest Hills, Fredericton, York County, New Brunswick / Nouveau-Brunswick, E3B 4K9, Canada",[],[''],825.0,2,1,,0,0.0,0.0,,0.0,0,0,0,,0.0,,0.0,0.0,0.0,0.0,,0,0,2021-01-09,,,0.0,,,,,0.0,,"196, Dunns Crossing Road, Dunn's Crossing, Forest Hills, Fredericton, York County, New Brunswick / Nouveau-Brunswick, E3B 4K9, Canada",0.0,0.0,
"202, Parkside Drive, Uptown, Fredericton, York County, New Brunswick / Nouveau-Brunswick, E3B 3H2, Canada","[""Dick's Grocery Store"", 'kadam shoe store', 'Everything For A Dollar Store', 'Fredericton Animal Hospital', 'kadam shoe store', 'Everything For A Dollar Store', ""Dick's Grocery Store""]","['Smoke Shop', 'Department Store', 'Miscellaneous Shop', 'Veterinarian', 'Department Store', 'Miscellaneous Shop', 'Smoke Shop']",835.0,1,1,,0,0.0,0.0,,2.0,0,0,0,,0.0,,0.0,2.0,0.0,2.0,,0,1,2021-01-09,,,0.0,,,,,0.0,,"202, Parkside Drive, Uptown, Fredericton, York County, New Brunswick / Nouveau-Brunswick, E3B 3H2, Canada",0.0,0.0,
"Rue Howe, Sitansisk (St. Mary's First Nation), Fredericton, York County, New Brunswick / Nouveau-Brunswick, E3A 5V9, Canada",['Walmart Grocery Pickup'],['Supermarket'],850.0,1,1,,0,0.0,0.0,,0.0,0,0,0,,0.0,,0.0,0.0,0.0,0.0,,0,0,2021-01-09,,,0.0,,,,,1.0,,"Rue Howe, Sitansisk (St. Mary's First Nation), Fredericton, York County, New Brunswick / Nouveau-Brunswick, E3A 5V9, Canada",0.0,0.0,
"163-165, Brunswick Street, Victoria Circle, Downtown, Fredericton, York County, New Brunswick / Nouveau-Brunswick, E3B 1G5, Canada","['Urban Almanac', 'Militia Arms Store', 'Southpaw Animal Hospital', 'Urban Almanac', 'Militia Arms Store']","['Furniture / Home Store', 'Tourist Information Center', 'Veterinarian', 'Furniture / Home Store', 'Tourist Information Center']",875.0,2,1,,0,0.0,0.0,,0.0,0,2,0,,0.0,,0.0,0.0,0.0,0.0,,2,1,2021-01-09,,,0.0,,,,,0.0,,"163-165, Brunswick Street, Victoria Circle, Downtown, Fredericton, York County, New Brunswick / Nouveau-Brunswick, E3B 1G5, Canada",0.0,0.0,
"Fredericton, Saint Marys Parish, New Brunswick / Nouveau-Brunswick, Canada","['Dollar Store', 'Dollar Store']","['Miscellaneous Shop', 'Miscellaneous Shop']",880.0,2,1,,0,0.0,0.0,,0.0,0,0,0,,0.0,,0.0,2.0,0.0,0.0,,0,0,2021-01-09,,,0.0,,,,,0.0,,"Fredericton, Saint Marys Parish, New Brunswick / Nouveau-Brunswick, Canada",0.0,0.0,
"Gilbert Street, NB Power, Youngs Crossing, Fredericton, York County, New Brunswick / Nouveau-Brunswick, E3A 4A1, Canada",[],[''],900.0,2,1,,0,0.0,0.0,,0.0,0,0,0,,0.0,,0.0,0.0,0.0,0.0,,0,0,2021-01-09,,,0.0,,,,,0.0,,"Gilbert Street, NB Power, Youngs Crossing, Fredericton, York County, New Brunswick / Nouveau-Brunswick, E3A 4A1, Canada",0.0,0.0,
"574, Forest Hill Road, Dunn's Crossing, Forest Hills, Fredericton, York County, New Brunswick / Nouveau-Brunswick, E3B 4K9, Canada","[""Raymonde's General Store"", ""Raymonde's General Store""]","['None', 'None']",900.0,2,1,,0,0.0,0.0,,0.0,0,0,0,,0.0,,0.0,0.0,0.0,0.0,,0,0,2021-01-09,,,0.0,,,,,0.0,,"574, Forest Hill Road, Dunn's Crossing, Forest Hills, Fredericton, York County, New Brunswick / Nouveau-Brunswick, E3B 4K9, Canada",0.0,2.0,
"Priestman Street, Uptown, Fredericton, York County, New Brunswick / Nouveau-Brunswick, E3B 5W3, Canada","[""Dick's Grocery Store"", 'Great Canadian Dollar Store', 'kadam shoe store', 'Everything For A Dollar Store', 'Fredericton Animal Hospital', 'kadam shoe store', 'Everything For A Dollar Store', 'Great Canadian Dollar Store', ""Dick's Grocery Store""]","['Smoke Shop', 'Discount Store', 'Department Store', 'Miscellaneous Shop', 'Veterinarian', 'Department Store', 'Miscellaneous Shop', 'Discount Store', 'Smoke Shop']",925.0,2,1,,0,0.0,0.0,,2.0,2,0,0,,0.0,,0.0,2.0,0.0,2.0,,0,1,2021-01-09,,,0.0,,,,,0.0,,"Priestman Street, Uptown, Fredericton, York County, New Brunswick / Nouveau-Brunswick, E3B 5W3, Canada",0.0,0.0,
"York Street, Garrison District, Downtown, Fredericton, York County, New Brunswick / Nouveau-Brunswick, E3B 1B5, Canada","['Urban Almanac', 'The Travel Store', 'Militia Arms Store', 'Harvest Jazz And Blues Store', 'Crowne Plaza Fredericton-Lord Beaverbrook Pool & Gym', 'Urban Almanac', 'The Travel Store', 'Militia Arms Store', 'Harvest Jazz And Blues Store']","['Furniture / Home Store', 'General Travel', 'Tourist Information Center', 'Clothing Store', 'Gym / Fitness Center', 'Furniture / Home Store', 'General Travel', 'Tourist Information Center', 'Clothing Store']",925.0,1,1,,2,0.0,0.0,,0.0,0,2,2,,1.0,,0.0,0.0,0.0,0.0,,2,0,2021-01-09,,,0.0,,,,,0.0,,"York Street, Garrison District, Downtown, Fredericton, York County, New Brunswick / Nouveau-Brunswick, E3B 1B5, Canada",0.0,0.0,
"Fredericton, Saint Marys Parish, New Brunswick / Nouveau-Brunswick, Canada","['Dollar Store', 'Dollar Store']","['Miscellaneous Shop', 'Miscellaneous Shop']",950.0,1,1,,0,0.0,0.0,,0.0,0,0,0,,0.0,,0.0,2.0,0.0,0.0,,0,0,2021-01-09,,,0.0,,,,,0.0,,"Fredericton, Saint Marys Parish, New Brunswick / Nouveau-Brunswick, Canada",0.0,0.0,
"Patience Lane, Alle Patience, Morning Gate, Fredericton, York County, New Brunswick / Nouveau-Brunswick, E3C 2R9, Canada",[],[''],1550.0,0,2,,0,0.0,0.0,0.0,0.0,0,0,0,0.0,0.0,,0.0,0.0,0.0,0.0,,0,0,2021-01-23,,0.0,0.0,,,,,,,,0.0,0.0,"Patience Lane, Alle Patience, Morning Gate, Fredericton, York County, New Brunswick / Nouveau-Brunswick, E3C 2R9, Canada"
"Fredericton, Saint Marys Parish, New Brunswick / Nouveau-Brunswick, Canada","['Dollar Store', 'Dollar Store']","['Miscellaneous Shop', 'Miscellaneous Shop']",565.0,0,1,,0,0.0,0.0,0.0,0.0,0,0,0,0.0,0.0,,0.0,2.0,0.0,0.0,,0,0,2021-01-23,,0.0,0.0,,,,,,,,0.0,0.0,"Fredericton, Saint Marys Parish, New Brunswick / Nouveau-Brunswick, Canada"
"Brunswick Street, Victoria Circle, Downtown, Fredericton, York County, New Brunswick / Nouveau-Brunswick, E3B 1G5, Canada","['Urban Almanac', 'Urban Almanac']","['Furniture / Home Store', 'Furniture / Home Store']",695.0,0,1,,0,0.0,0.0,0.0,0.0,0,2,0,0.0,0.0,,0.0,0.0,0.0,0.0,,0,0,2021-01-23,,0.0,0.0,,,,,,,,0.0,0.0,"Brunswick Street, Victoria Circle, Downtown, Fredericton, York County, New Brunswick / Nouveau-Brunswick, E3B 1G5, Canada"
"Sunset Drive, Royal Road, Barton, Fredericton, York County, New Brunswick / Nouveau-Brunswick, E3A 1B8, Canada","['LeBlanc Gym', 'Royal Road Veterinary Hospital']","['Gym', 'Veterinarian']",700.0,0,1,,0,0.0,0.0,0.0,0.0,0,0,0,1.0,0.0,,0.0,0.0,0.0,0.0,,0,1,2021-01-23,,0.0,0.0,,,,,,,,0.0,0.0,"Sunset Drive, Royal Road, Barton, Fredericton, York County, New Brunswick / Nouveau-Brunswick, E3A 1B8, Canada"
"242, Regent Street, Capital, Downtown, Fredericton, York County, New Brunswick / Nouveau-Brunswick, E3B 3W4, Canada","['University Cafe & Market Convenience Store', 'UPS Store', 'Urban Almanac', 'The UPS Store', 'Harvest Jazz And Blues Store', 'The Travel Store', 'Militia Arms Store', 'Crowne Plaza Fredericton-Lord Beaverbrook Pool & Gym', 'Southpaw Animal Hospital', 'Candy land', 'UPS Store', 'Urban Almanac', 'University Cafe & Market Convenience Store', 'The UPS Store', 'Harvest Jazz And Blues Store', 'The Travel Store', 'Militia Arms Store']","['Candy Store', 'Paper / Office Supplies Store', 'Furniture / Home Store', 'Miscellaneous Shop', 'Clothing Store', 'General Travel', 'Tourist Information Center', 'Gym / Fitness Center', 'Veterinarian', 'Nudist Beach', 'Paper / Office Supplies Store', 'Furniture / Home Store', 'Candy Store', 'Miscellaneous Shop', 'Clothing Store', 'General Travel', 'Tourist Information Center']",750.0,1,1,,2,0.0,0.0,0.0,0.0,0,2,2,0.0,1.0,,0.0,2.0,2.0,0.0,,2,1,2021-01-23,,0.0,1.0,,,,,,,,2.0,0.0,"242, Regent Street, Capital, Downtown, Fredericton, York County, New Brunswick / Nouveau-Brunswick, E3B 3W4, Canada"
"Parkside Drive, Uptown, Fredericton, York County, New Brunswick / Nouveau-Brunswick, E3B 3H2, Canada","[""Dick's Grocery Store"", 'Great Canadian Dollar Store', 'Everything For A Dollar Store', 'kadam shoe store', 'Fredericton Animal Hospital', 'Everything For A Dollar Store', 'Great Canadian Dollar Store', 'kadam shoe store', ""Dick's Grocery Store""]","['Smoke Shop', 'Discount Store', 'Miscellaneous Shop', 'Department Store', 'Veterinarian', 'Miscellaneous Shop', 'Discount Store', 'Department Store', 'Smoke Shop']",775.0,1,1,,0,0.0,0.0,0.0,2.0,2,0,0,0.0,0.0,,0.0,2.0,0.0,2.0,,0,1,2021-01-23,,0.0,0.0,,,,,,,,0.0,0.0,"Parkside Drive, Uptown, Fredericton, York County, New Brunswick / Nouveau-Brunswick, E3B 3H2, Canada"
"Valleyview Street, College Hill, Uptown, Fredericton, York County, New Brunswick / Nouveau-Brunswick, E3B 9W4, Canada","['Dollar Store', 'Lady Beaverbrook Gym - UNB', 'South Gym', 'New Gym -  UNB', 'Currie Center Gym -  UNB', 'Dollar Store']","['Miscellaneous Shop', 'Gym / Fitness Center', 'College Rec Center', 'College Gym', 'College Gym', 'Miscellaneous Shop']",790.0,1,1,,0,2.0,1.0,0.0,0.0,0,0,0,0.0,1.0,,0.0,2.0,0.0,0.0,,0,0,2021-01-23,,0.0,0.0,,,,,,,,0.0,0.0,"Valleyview Street, College Hill, Uptown, Fredericton, York County, New Brunswick / Nouveau-Brunswick, E3B 9W4, Canada"
"Skyline Plaza, 385, Canterbury Drive, Dunn's Crossing, Skyline Acres, Fredericton, York County, New Brunswick / Nouveau-Brunswick, E3B 4K9, Canada","[""Raymonde's General Store"", ""Raymonde's General Store""]","['None', 'None']",795.0,0,1,,0,0.0,0.0,0.0,0.0,0,0,0,0.0,0.0,,0.0,0.0,0.0,0.0,,0,0,2021-01-23,,0.0,0.0,,,,,,,,0.0,2.0,"Skyline Plaza, 385, Canterbury Drive, Dunn's Crossing, Skyline Acres, Fredericton, York County, New Brunswick / Nouveau-Brunswick, E3B 4K9, Canada"
"Gilbert Street, NB Power, Youngs Crossing, Fredericton, York County, New Brunswick / Nouveau-Brunswick, E3A 4A1, Canada",[],[''],800.0,2,1,,0,0.0,0.0,0.0,0.0,0,0,0,0.0,0.0,,0.0,0.0,0.0,0.0,,0,0,2021-01-23,,0.0,0.0,,,,,,,,0.0,0.0,"Gilbert Street, NB Power, Youngs Crossing, Fredericton, York County, New Brunswick / Nouveau-Brunswick, E3A 4A1, Canada"
"65, Biggs Street, Dunn's Crossing, Forest Hills, Fredericton, York County, New Brunswick / Nouveau-Brunswick, E3B 6X5, Canada",[],[''],810.0,2,1,,0,0.0,0.0,0.0,0.0,0,0,0,0.0,0.0,,0.0,0.0,0.0,0.0,,0,0,2021-01-23,,0.0,0.0,,,,,,,,0.0,0.0,"65, Biggs Street, Dunn's Crossing, Forest Hills, Fredericton, York County, New Brunswick / Nouveau-Brunswick, E3B 6X5, Canada"
"88-90, Regent Street, Capital, Downtown, Fredericton, York County, New Brunswick / Nouveau-Brunswick, E3B 3W4, Canada","['University Cafe & Market Convenience Store', 'Urban Almanac', 'Harvest Jazz And Blues Store', 'The Travel Store', 'Militia Arms Store', 'Crowne Plaza Fredericton-Lord Beaverbrook Pool & Gym', 'Candy land', 'Urban Almanac', 'University Cafe & Market Convenience Store', 'Harvest Jazz And Blues Store', 'The Travel Store', 'Militia Arms Store']","['Candy Store', 'Furniture / Home Store', 'Clothing Store', 'General Travel', 'Tourist Information Center', 'Gym / Fitness Center', 'Nudist Beach', 'Furniture / Home Store', 'Candy Store', 'Clothing Store', 'General Travel', 'Tourist Information Center']",850.0,2,1,,2,0.0,0.0,0.0,0.0,0,2,2,0.0,1.0,,0.0,0.0,0.0,0.0,,2,0,2021-01-23,,0.0,1.0,,,,,,,,2.0,0.0,"88-90, Regent Street, Capital, Downtown, Fredericton, York County, New Brunswick / Nouveau-Brunswick, E3B 3W4, Canada"
"163-165, Brunswick Street, Victoria Circle, Downtown, Fredericton, York County, New Brunswick / Nouveau-Brunswick, E3B 1G5, Canada","['Urban Almanac', 'Militia Arms Store', 'Southpaw Animal Hospital', 'Urban Almanac', 'Militia Arms Store']","['Furniture / Home Store', 'Tourist Information Center', 'Veterinarian', 'Furniture / Home Store', 'Tourist Information Center']",850.0,2,1,,0,0.0,0.0,0.0,0.0,0,2,0,0.0,0.0,,0.0,0.0,0.0,0.0,,2,1,2021-01-23,,0.0,0.0,,,,,,,,0.0,0.0,"163-165, Brunswick Street, Victoria Circle, Downtown, Fredericton, York County, New Brunswick / Nouveau-Brunswick, E3B 1G5, Canada"
"240, Parkside Drive, Uptown, Fredericton, York County, New Brunswick / Nouveau-Brunswick, E3B 3H2, Canada","['kadam shoe store', 'Fredericton Animal Hospital', 'kadam shoe store']","['Department Store', 'Veterinarian', 'Department Store']",900.0,2,1,,0,0.0,0.0,0.0,2.0,0,0,0,0.0,0.0,,0.0,0.0,0.0,0.0,,0,1,2021-01-23,,0.0,0.0,,,,,,,,0.0,0.0,"240, Parkside Drive, Uptown, Fredericton, York County, New Brunswick / Nouveau-Brunswick, E3B 3H2, Canada"
"99, Dunns Crossing Road, Dunn's Crossing, Forest Hills, Fredericton, York County, New Brunswick / Nouveau-Brunswick, E3B 4K9, Canada",[],[''],900.0,2,1,,0,0.0,0.0,0.0,0.0,0,0,0,0.0,0.0,,0.0,0.0,0.0,0.0,,0,0,2021-01-23,,0.0,0.0,,,,,,,,0.0,0.0,"99, Dunns Crossing Road, Dunn's Crossing, Forest Hills, Fredericton, York County, New Brunswick / Nouveau-Brunswick, E3B 4K9, Canada"
"Fredericton, Saint Marys Parish, New Brunswick / Nouveau-Brunswick, Canada","['Dollar Store', 'Dollar Store']","['Miscellaneous Shop', 'Miscellaneous Shop']",900.0,1,1,,0,0.0,0.0,0.0,0.0,0,0,0,0.0,0.0,,0.0,2.0,0.0,0.0,,0,0,2021-01-23,,0.0,0.0,,,,,,,,0.0,0.0,"Fredericton, Saint Marys Parish, New Brunswick / Nouveau-Brunswick, Canada"
"Parkside Drive, Uptown, Fredericton, York County, New Brunswick / Nouveau-Brunswick, E3B 3H2, Canada","[""Dick's Grocery Store"", 'Great Canadian Dollar Store', 'Everything For A Dollar Store', 'kadam shoe store', 'Fredericton Animal Hospital', 'Everything For A Dollar Store', 'Great Canadian Dollar Store', 'kadam shoe store', ""Dick's Grocery Store""]","['Smoke Shop', 'Discount Store', 'Miscellaneous Shop', 'Department Store', 'Veterinarian', 'Miscellaneous Shop', 'Discount Store', 'Department Store', 'Smoke Shop']",950.0,1,1,,0,0.0,0.0,0.0,2.0,2,0,0,0.0,0.0,,0.0,2.0,0.0,2.0,,0,1,2021-01-23,,0.0,0.0,,,,,,,,0.0,0.0,"Parkside Drive, Uptown, Fredericton, York County, New Brunswick / Nouveau-Brunswick, E3B 3H2, Canada"
"306, Brunswick Street, Garrison District, Downtown, Fredericton, York County, New Brunswick / Nouveau-Brunswick, E3B 3T4, Canada","['Urban Almanac', 'Kwik-Way Convenience Store', 'Harvest Jazz And Blues Store', 'The Travel Store', 'Militia Arms Store', 'Southpaw Animal Hospital', 'Urban Almanac', 'Kwik-Way Convenience Store', 'Harvest Jazz And Blues Store', 'The Travel Store', 'Militia Arms Store']","['Furniture / Home Store', 'Convenience Store', 'Clothing Store', 'General Travel', 'Tourist Information Center', 'Veterinarian', 'Furniture / Home Store', 'Convenience Store', 'Clothing Store', 'General Travel', 'Tourist Information Center']",950.0,1,1,,2,0.0,0.0,2.0,0.0,0,2,2,0.0,0.0,,0.0,0.0,0.0,0.0,,2,1,2021-01-23,,0.0,0.0,,,,,,,,0.0,0.0,"306, Brunswick Street, Garrison District, Downtown, Fredericton, York County, New Brunswick / Nouveau-Brunswick, E3B 3T4, Canada"
"Maple Street, North Devon, Sitansisk (St. Mary's First Nation), Fredericton, York County, New Brunswick / Nouveau-Brunswick, E3A 2S4, Canada","['Coop Country Store', ""St. Mary's Supermarket"", ""SSaint Mary's supermarket"", 'Main Street Veterinary Hospital', 'Coop Country Store']","['Furniture / Home Store', 'Grocery Store', 'Grocery Store', 'Veterinarian', 'Furniture / Home Store']",960.0,2,1,,0,0.0,0.0,0.0,0.0,0,2,0,0.0,0.0,,0.0,0.0,0.0,0.0,,0,1,2021-01-23,,2.0,0.0,,,,,,,,0.0,0.0,"Maple Street, North Devon, Sitansisk (St. Mary's First Nation), Fredericton, York County, New Brunswick / Nouveau-Brunswick, E3A 2S4, Canada"
"969, Regent Street, College Hill, Uptown, Fredericton, York County, New Brunswick / Nouveau-Brunswick, E3B 5W7, Canada","[""Dick's Grocery Store"", 'Dollar Store', 'Everything For A Dollar Store', 'Dr Everett Chalmers Regional Hospital', 'Dollar Store', 'Everything For A Dollar Store', ""Dick's Grocery Store""]","['Smoke Shop', 'Miscellaneous Shop', 'Miscellaneous Shop', 'Hospital', 'Miscellaneous Shop', 'Miscellaneous Shop', 'Smoke Shop']",975.0,2,1,,0,0.0,0.0,0.0,0.0,0,0,0,0.0,0.0,,1.0,4.0,0.0,2.0,,0,0,2021-01-23,,0.0,0.0,,,,,,,,0.0,0.0,"969, Regent Street, College Hill, Uptown, Fredericton, York County, New Brunswick / Nouveau-Brunswick, E3B 5W7, Canada"
"Fredericton, Saint Marys Parish, New Brunswick / Nouveau-Brunswick, Canada","['Dollar Store', 'Dollar Store']","['Miscellaneous Shop', 'Miscellaneous Shop']",995.0,2,1,,0,0.0,0.0,0.0,0.0,0,0,0,0.0,0.0,,0.0,2.0,0.0,0.0,,0,0,2021-01-23,,0.0,0.0,,,,,,,,0.0,0.0,"Fredericton, Saint Marys Parish, New Brunswick / Nouveau-Brunswick, Canada"
"376-378, George Street, Carleton, Downtown, Fredericton, York County, New Brunswick / Nouveau-Brunswick, E3B 3X2, Canada","['UPS Store', 'Urban Almanac', 'The UPS Store', 'Kwik-Way Convenience Store', 'Harvest Jazz And Blues Store', 'The Travel Store', 'Militia Arms Store', 'Crowne Plaza Fredericton-Lord Beaverbrook Pool & Gym', 'Southpaw Animal Hospital', 'Candy land', 'UPS Store', 'Urban Almanac', 'The UPS Store', 'Kwik-Way Convenience Store', 'Harvest Jazz And Blues Store', 'The Travel Store', 'Militia Arms Store']","['Paper / Office Supplies Store', 'Furniture / Home Store', 'Miscellaneous Shop', 'Convenience Store', 'Clothing Store', 'General Travel', 'Tourist Information Center', 'Gym / Fitness Center', 'Veterinarian', 'Nudist Beach', 'Paper / Office Supplies Store', 'Furniture / Home Store', 'Miscellaneous Shop', 'Convenience Store', 'Clothing Store', 'General Travel', 'Tourist Information Center']",995.0,2,1,,2,0.0,0.0,2.0,0.0,0,2,2,0.0,1.0,,0.0,2.0,2.0,0.0,,2,1,2021-01-23,,0.0,1.0,,,,,,,,0.0,0.0,"376-378, George Street, Carleton, Downtown, Fredericton, York County, New Brunswick / Nouveau-Brunswick, E3B 3X2, Canada"
"19, Forest Hill Road, Dunn's Crossing, Forest Hills, Fredericton, York County, New Brunswick / Nouveau-Brunswick, E3B 5A3, Canada","['Lady Beaverbrook Gym - UNB', 'South Gym', 'New Gym -  UNB', 'Currie Center Gym -  UNB']","['Gym / Fitness Center', 'College Rec Center', 'College Gym', 'College Gym']",1000.0,2,1,,0,2.0,1.0,0.0,0.0,0,0,0,0.0,1.0,,0.0,0.0,0.0,0.0,,0,0,2021-01-23,,0.0,0.0,,,,,,,,0.0,0.0,"19, Forest Hill Road, Dunn's Crossing, Forest Hills, Fredericton, York County, New Brunswick / Nouveau-Brunswick, E3B 5A3, Canada"
